{
  "intents": [    
    {
      "tag": "greeting",
      "patterns": [
        "Hi","Hey","How are you",
        "Hello",
        "Good day",
        "Hey!!",
        "Wassup",
        "hi there!",
        "Hello there",
        "Yo !",
        "Hi axebot",
        "Heyoooo!"
      ],

      "responses": [
        "Hey :-) , It's me Axebot !! your virtual assistant , how can I help you !",
        "Hello, this is Axebot!! here for your assistance!! what can I do for you ?",
        "Hi this is Axebot :-) , what can I do for you?",
        "Hi there, My name is Axebot , how are you??",
        "Hello , My name is Axebot , I,ll be your virtual assitant , How can I help you?"
        ]},


      {
          "tag": "dating",
          "patterns": ["coffee?", "how about a date?","let's go on a date","can i date you?"],
          "responses": ["Aaaaw!!!, that's so sweet of you. Too bad i'm a Bot."]
        
      },

      {
        "tag": "Apply acadia",
        "patterns": ["I want to know my application status", 
        "I want to apply to Acadia","What is my application status?",
        "How can i apply to acadia?",
        "Can you help me to apply to acadia?"
      ],

        "responses": ["In order to apply for a program , please visit the following link \n https://connect.acadiau.ca/portal/apply_ug , \nOr , go to this link to check your application status : \n https://connect.acadiau.ca/account/login?r=https%3a%2f%2fconnect.acadiau.ca%2fapply%2fstatus  \n\n if you are having trouble please contact admissions office at:  admissions@acadiau.ca  "]
      
    },

      {
        "tag": "Health support",
        "patterns": ["Does acadia have health support services?", 
        "Where is health support?",
        "I need health support",
        "I need to contact acadia health services",
        "where is student health services?",
        "where can i contact student health centre?"
      ],
      "responses": ["To reach out Student Health Services, you can call 902-585-1238 to book an apointment.\n For In-person visit , go to the West side entrance of Dennis House (On campus) \n Hours of Operation: Monday-Friday 9:00am -12pm,1:30pm - 4:00pm.\n For more information , please visit:https://www2.acadiau.ca/student-life/health-wellness/clinic.html"]
    },


      {
        "tag": "fav",
        "patterns": ["I need a favour","i need help", "can you help me","can i ask you for a favour?"],
        "responses": ["Well, go ahead and ask me I might be able to help you "]

    },

    {
      "tag": "Refund request",
      "patterns": ["I want to request for a refund?","can i request for a refund?","can you tell me where can i ask for refund request"],
      "responses": ["you can visit student accounts office in person or Refund request portal :\n\n https://hub.acadiau.ca/TDClient/39/Portal/Requests/ServiceDet?ID=143"]
  },


    {
      "tag": "Bye",
      "patterns": ["Bye", "See you later", "Goodbye" , "thankyou , see ya!" , " Bye bye","Later","Good night"],
      "responses": [
        "See you later, thanks for visiting",
        "Have a nice day",
        "Bye! Come back again soon.",
        "Bye ! take care :) ",
        "Have fun :-)"
      ]
    },

    {
      "tag": "co-op application",
      "patterns": ["I want to apply to co-op",
      "i am looking forward to apply for co-op", 
      "I am an international student , can I apply for co-op?",
      "Can you tell me where should I go to apply for co-op?"
    
    ],
    "responses": ["Here is how you can apply : \n follow the link and click \\\"apply now\\\": https://co-op.acadiau.ca/Contact.html \n or email co-op@acadiau.ca , or reach out directly to a member of Co-op team."] 
  },

    {
      "tag": "gender",
      "patterns": ["what is your gender?" ,"what are you?", "do you have a gender?"],
      "responses": [
        "I am an artificial being and I do not posess any gender , I am a virtual robot"]
    },

    {
      "tag": "Exam Schedule",
      "patterns": ["I need to know my exam schedule" ,"can you tell me when are my exams going to start?", "Where can I find the exam schedule?"],
      "responses": ["Here is the link for exams you might find helpful:\n https://registrar.acadiau.ca/files/sites/registrar/December%202022%20Exam%20Schedule%20v2.pdf"]
    },

    {
      "tag": "CS director",
      "patterns": ["who is the director of Computer Science","who is the director of School of computer science?","who is the boss of CS department?"],
      "responses": ["Dr.Darcy Benoit"]
    },

    {
      "tag": "Undergraduage programs",
      "patterns": ["what are the undergrauate programs available?",
      "what are the undergraduate programs for me?","What are the programs available with co-op",
      "I am looking for honors programs ", " Are ther any health sciences programs?"
    
    ],
      
    "responses": [" you can find all the related information regarding courses in the following link :https://www2.acadiau.ca/academics-overview.html"]
    },

  
    {
      "tag": "goodbye",
      "patterns": ["Bye", "See you later", "Goodbye" , "thankyou , see ya!" , " Bye bye","Later","Good night"],
      "responses": [
        "See you later, thanks for visiting",
        "Have a nice day",
        "Bye! Come back again soon.",
        "Bye ! take care :) ",
        "Have fun :-)"
      ]
    },

    {
      "tag": "Undergraduate Tuition fee",
      "patterns": ["how much is the undergraduate tuition fee? " ,
      " how much does it cost for 1 year tuition" , 
      " how much do I pay for the undergrad fee?"],

      "responses": ["1 YEAR tuition fee for domestic students is 10010.86 CAD , \nfor Non-NS students its 11293.86 CAD , \nif you are international student it is 21619.86 CAD"] 
    },

    {
      "tag": "Library hours",
      "patterns": ["when does the library close?", "when does the library open ", "what are the working hours of library", "Is library open on weekends?" , "Library is open till what time?" ],
      "responses": ["Library is open from:\n 8:0am till 1:00am and Sat-Sun it opens 11:00am till 1:00am , hope that answers your question:)"
    ]
    },

    {
      "tag": "Tech services location",
      "patterns": ["where is tech services located?", " I can't find tech services office ", "can you tell me where is tech services located?" ],
      "responses": ["the Tech servies office is at 100 Level of Beveridge Arts Centre, room 112 "]
    },

    {
      "tag": "parking",
      "patterns": ["can i park my car without permit?", 
      "i need a parking permit",
      "where can i get parking permit in acadia?", 
      "i need to purchase a parking permit",
      "can i purchase the parking permit online?"],
      "responses": ["you can download the hotspot parking app to check free parking spaces or you can buy the permit from saftey and security office \n for more information visit:https://www2.acadiau.ca/safety-security/parking.html  "]
    },

    
    {
      "tag": "Safety security contact ",
      "patterns": ["I am trying to contact safety and security ", 
      "can i get saftey and sceurity's contact no. ", 
      "what is the saftey and security contact number?", 
      "I want to call saftey and security"],
      "responses": ["here is the safety and security contact no: 902-585-1103 if you are trying to reach them via email :security@acadiau.ca "
    ]
    },

    {
      "tag": "thanks",
      "patterns": ["Thanks", "Thank you", "That's helpful", "Thank's a lot!" , " Thanks a million!", "Thank you , it means a lot" , "Thanks" ],
      "responses": ["Its my  pleasure" , "Not a problem , I'm here for you :)"]
    },

    {
      "tag": "check gpa",
      "patterns": ["Where can i check my gpa?", "How should I check my gpa? ", "i cannot find my gpa details"],
      "responses": ["if you wantto check your grades and gpa, go to myAcadia website and login , \n once you are logged in click on the grades section in the welcome page.\n Hope that is helpful :)"]
    },

    {
      "tag": "tax information",
      "patterns": ["I am looking to acess my T4 information for this year", "can i get my T4 information by any chance?", "can you tell me where can i get my T4 forms?","where are my T4 documents?"],
      "responses": ["you can open my acadia account and go to tax information on top left , if you can't see or you found a problem you can contact Acadia HR department \n it is located in Bancroft House at 7 Horton Avenue "]
    },

    {
      "tag": "Tech support",
      "patterns": ["I am having issues with my acorn",
                   "where can i get some tech support?",
                   "I am having issues with connecting to acadia wifi",
                   "I am having issues with my device , where can i go?",
                   "i want some help in fixing my device issues",
                   " does acadia provide technical support?",
                   "i need tech support"
    ],
      "responses": ["you can contact acadia tech support by: 1-888-609-3330 or in person at BAC 100 level,room 112 \n or for more information , visit:\n https://ts.acadiau.ca/home.html"]
    },

    {
      "tag": "Co-op sessions",
      "patterns": ["  are there any infomation sessios for co op? ",
                   "  When do the co-op sessions happen? ",
                   "  when i can attend co op sessions?"],

      "responses": ["Co-op Information Sessions are held each September. Co-op Coordinators will provide you with an overview of the program and what it can do for you! If you cannot attend the session designed for your degree, \n feel free to attend any of the others."]
    },

    {
      "tag": "Scholarship",
      "patterns": ["How can i apply for scholarships?",
                   "can i check my scholarship status?",
                   "I need to apply for a scholarship",
                  "can you help me in applying in scholarship?"],

      "responses": ["In order to apply for entrance scholarships: \nFollow this link and login to your account: \nhttps://connect.acadiau.ca/account/login?r=https%3a%2f%2fconnect.acadiau.ca%2fapply%2fstatus. \nFor local and Specialized scholarships , you can check this link out :https://www2.acadiau.ca/student-services/scholarships-financial-aid/future-students/entrance-scholarships.html  \nFor current students who are seeking scholarships , please visit: https://www2.acadiau.ca/student-services/scholarships-financial-aid/current-students.html. \n\nALSO, KEEP AN EYE OUT OF EMAILS FOR UPDATED INFORMATION!!!"]
    },

    {
      "tag": "Student accounts",
      "patterns": [
        "Where is the student accounts located ?",
        "Where can i find student accounts office",
        "Can you tell me where is the student accounts office?",
        "what are the office hours of student accounts?",
        "is student accounts office open today?"
    
      ],
      "responses": [
        "Student Accounts is located in the lower level of University Hall(clock tower building)."
      ]
    },

    {
      "tag": "student union location",
      "patterns": [
        "Where is the student union building located ?",
        "Where can i find student union?",
        "where is asu located?",
        "Can you tell me where is the student union entrance located?"
      ],
      "responses": [
        "Student union  is located in the lower level of University Hall(clock tower building)."
      ]
    },

    {
      "tag": "acorn access",
      "patterns": [
        "I can't find the acorn link",
        "where can I check my course information?",
        "where can I access my regirsterd courses?"
      ],

      "responses": [
        "Here is the acorn link to login to your account:https://acorn.acadiau.ca/login/index.php"
        ,"you can access your information by logging in to acorn account : https://acorn.acadiau.ca/login/index.php"
      ]
    },
 
    {
      "tag": "myacadia login",
      "patterns": ["I can't find the link to login to myacadia",
      "where can i login to check my course catalogue",
      "where can I find the course catalogue"
    ],
      "responses": [" to access your course catalogue , you can click on the login link here to get into your myacadia account: https://collss.acadiau.ca/selfservice/Account/Login?ReturnUrl=%2fselfservice%2f  "]
    },

    {
      "tag": "reg courses",
      "patterns": ["where can i register for courses?",
      "i want to register for next term courses",
      "can i register my courses on acorn?"
    ],
      "responses": ["to access your course registration information , go to myAcadia self serve login , from the top left corner click on the 'academics' and finally click on 'register your classes' ,\n you can follow myAcadia link here: https://www2.acadiau.ca/myacadia.html "]
    }




  ]
}